[
    {
        "model": "budgetapi.envelope",
        "pk": 1,
        "fields": {
            "user": "fa2eba9be8282d595c997ee5cd49f2ed31f65bed",
            "name": "Groceries",
            "budget": 400.00,
            "is_active": true
        }
    },
    {
        "model": "budgetapi.envelope",
        "pk": 2,
        "fields": {
            "user": "fa2eba9be8282d595c997ee5cd49f2ed31f65bed",
            "name": "Restaurants",
            "budget": 150.00,
            "is_active": true
        }
    }
]